Békéscsaba, 0, 72.913752
Balmazújváros, 33.197256, 0
Baja, 12.557326, 33.416238
Óhat-Pusztakócs, 47.62922, 20.93852
Beregdaróc, 48.19622, 22.54252